{
  "lesson1": {
    "realNumber": 4.1,
    "lesson8": {
      "newWords": [],
      "phrases": [
        { "id": 1, "phraseRu": "Я всё вижу", "phraseEn": "I see everything" },
        {
          "id": 2,
          "phraseRu": "Моя сестра живёт там",
          "phraseEn": "My sister lives there"
        },
        {
          "id": 3,
          "phraseRu": "Этот урок кажется интересным",
          "phraseEn": "This lesson seems interesting"
        },
        {
          "id": 4,
          "phraseRu": "Этот урок помогает мне",
          "phraseEn": "This lesson helps me"
        },
        {
          "id": 5,
          "phraseRu": "Я всё понимаю",
          "phraseEn": "I understand everything"
        },
        {
          "id": 6,
          "phraseRu": "Мои родители знают это",
          "phraseEn": "My parents know it"
        },
        {
          "id": 7,
          "phraseRu": "Её брат часто говорит это",
          "phraseEn": "Her brother often says it"
        },
        {
          "id": 8,
          "phraseRu": "То предложение кажется странным",
          "phraseEn": "That offer seems strange"
        },
        {
          "id": 9,
          "phraseRu": "Мой босс всегда говорит это",
          "phraseEn": "My boss always says it"
        },
        {
          "id": 10,
          "phraseRu": "Его уроки кажутся очень полезными",
          "phraseEn": "His lessons seem very useful"
        },
        {
          "id": 11,
          "phraseRu": "Мой брат хочет это",
          "phraseEn": "My brother wants it"
        },
        {
          "id": 12,
          "phraseRu": "У его отца есть машина",
          "phraseEn": "His father has a car"
        },
        {
          "id": 13,
          "phraseRu": "Мои родители хотят сделать это",
          "phraseEn": "My parents want to do it"
        },
        {
          "id": 14,
          "phraseRu": "Твои уроки реально помогают",
          "phraseEn": "Your lessons really help"
        },
        {
          "id": 15,
          "phraseRu": "Моя сестра учится там",
          "phraseEn": "My sister studies there"
        },
        {
          "id": 16,
          "phraseRu": "Эти уроки помогают мне",
          "phraseEn": "There lessons help me"
        },
        {
          "id": 17,
          "phraseRu": "Они всё знают",
          "phraseEn": "They know everything"
        },
        {
          "id": 18,
          "phraseRu": "Мой брат пытается сделать это",
          "phraseEn": "My brother tryes to do it"
        },
        {
          "id": 19,
          "phraseRu": "Их идеи кажутся очень интересными",
          "phraseEn": "Their ideas seem very interesting"
        },
        {
          "id": 20,
          "phraseRu": "Мой босс обычно проверяет всю информацию",
          "phraseEn": "My boss usually checks all the information"
        },
        {
          "id": 21,
          "phraseRu": "Моя сестра живёт в этом месте",
          "phraseEn": "My sister lives in this place"
        },
        {
          "id": 22,
          "phraseRu": "У моего друга есть машина",
          "phraseEn": "My friend has a car"
        },
        {
          "id": 23,
          "phraseRu": "У него есть компания",
          "phraseEn": "He has a company"
        },
        {
          "id": 24,
          "phraseRu": "Её прибыль кажется такой большой",
          "phraseEn": "Its profit seems so big"
        },
        {
          "id": 25,
          "phraseRu": "Мой босс всё знает",
          "phraseEn": "My boss knows everything"
        },
        {
          "id": 26,
          "phraseRu": "Наша мама думает так же",
          "phraseEn": "Our mother thinks the same"
        },
        {
          "id": 27,
          "phraseRu": "Мой босс читает все документы",
          "phraseEn": "My boss reeds all the documents"
        },
        {
          "id": 28,
          "phraseRu": "Эти уроки кажутся очень полезными",
          "phraseEn": "These lessons seem very useful"
        },
        {
          "id": 29,
          "phraseRu": "Это предложение выглядит интересным",
          "phraseEn": "This offer looks interesting"
        },
        {
          "id": 30,
          "phraseRu": "У этой компании есть деньги",
          "phraseEn": "This company has money"
        },
        {
          "id": 31,
          "phraseRu": "Эти уроки реально помогают",
          "phraseEn": "These lessons really help"
        },
        { "id": 32, "phraseRu": "Я чувствую это", "phraseEn": "I feel it" }
      ]
    }
  }
}
